solvent_smiles,Boiling Point,Molecular Weight,XLogP3,Hydrogen Bond Donor Count,Hydrogen Bond Acceptor Count,Rotatable Bond Count,Exact Mass,Monoisotopic Mass,Topological Polar Surface Area,Heavy Atom Count,Complexity
CC(Cl)(Cl)Cl,74,133.4,2.4,0,0,0,131.93,131.93,0,5,26.4
CN(C)C(=O)N(C)C,176.5,116.16,0.2,0,1,0,116.09,116.09,23.6,8,78.4
CC(Cl)Cl,57.4,98.96,1.9,0,0,0,97.97,97.97,0,4,11.5
C=C(Cl)Cl,31.6,96.94,2.3,0,0,0,95.95,95.95,0,4,27
NCCN,116.5,60.1,-2,2,2,1,60.07,60.07,52,4,6
Clc1ccccc1Cl,181.5,147,3.4,0,0,0,145.97,145.97,0,8,62.9
ClCCCl,83.4,98.96,1.5,0,0,1,97.97,97.97,0,4,6
COCCOC,82.5,90.12,-0.2,0,2,3,90.07,90.07,18.5,6,17.5
OCCO,197.3,62.07,-1.4,2,2,1,62.04,62.04,40.5,4,6
Cc1cc(C)cc(C)c1,165,120.19,3.4,0,0,0,120.09,120.09,0,9,55
Cc1ccc(C)cc1,138.3,106.16,3.2,0,0,0,106.08,106.08,0,8,48.4
C1COCCO1,101.2,88.11,-0.3,0,2,0,88.05,88.05,18.5,6,26.5
CN1CCCC1=O,202,99.13,-0.5,0,1,0,99.07,99.07,20.3,7,90.1
CC(C)C(=O)C(C)C,125.4,114.19,1.9,0,1,2,114.1,114.1,17.1,8,72.4
CC(C)CC(=O)CC(C)C,169.4,142.24,2.5,0,1,4,142.14,142.14,17.1,10,91.3
NCCO,170.3,61.08,-1.3,2,2,1,61.05,61.05,46.3,4,10
COCCO,124.1,76.09,-0.8,1,2,2,76.05,76.05,29.5,5,14.4
CCCC(C)C,60.2,86.18,3.2,0,0,2,86.11,86.11,0,6,21.2
CC1CCCO1,79,86.13,1,0,1,0,86.07,86.07,9.2,6,43.2
CCC(C)(C)O,87.3,88.15,0.9,1,1,1,88.09,88.09,20.2,6,39.2
CC(C)CO,108,74.12,0.8,1,1,1,74.07,74.07,20.2,5,17.6
CC(C)(C)O,82.3,74.12,0.5,1,1,0,74.07,74.07,20.2,5,25.1
CC(=O)C(C)(C)C,106.1,100.16,1.2,0,1,1,100.09,100.09,17.1,7,76.7
CC(=O)C(C)C,94.3,86.13,0.8,0,1,1,86.07,86.07,17.1,6,55
CC(C)CCO,132.5,88.15,1.2,1,1,2,88.09,88.09,20.2,6,25.1
CC(=O)CC(C)C,115.7,100.16,1.3,0,1,2,100.09,100.09,17.1,7,64.6
CC(=O)O,117.9,60.05,-0.2,1,2,0,60.02,60.02,37.3,4,31
CC(=O)OC(C)=O,139.5,102.09,-0.1,0,3,2,102.03,102.03,43.4,7,83.1
CC(C)=O,56.1,58.08,-0.1,0,1,0,58.04,58.04,17.1,4,26.3
CC#N,20,41.05,0,0,1,0,41.03,41.03,23.8,3,29.3
CC(=O)c1ccccc1,202.1,120.15,1.6,0,1,1,120.06,120.06,17.1,9,101
Nc1ccccc1,184.1,93.13,0.9,1,1,0,93.06,93.06,26,7,46.1
COc1ccccc1,155,108.14,2.1,0,1,1,108.06,108.06,9.2,8,55.4
c1ccccc1,80.1,78.11,2.1,0,0,0,78.05,78.05,0,6,15.5
N#Cc1ccccc1,190.7,103.12,1.6,0,1,0,103.04,103.04,23.8,8,103
FC(F)(F)c1ccccc1,103.5,146.11,3,0,3,0,146.03,146.03,0,10,99.9
OCc1ccccc1,205.3,108.14,1.1,1,1,1,108.06,108.06,20.2,8,55.4
Brc1ccccc1,156.2,157.01,3,0,0,0,155.96,155.96,0,7,46.1
CCCCO,117.6,74.12,0.9,1,1,2,74.07,74.07,20.2,5,13.1
CCC(C)O,99.5,74.12,0.6,1,1,1,74.07,74.07,20.2,5,19.6
CCC(C)=O,79.6,72.11,0.3,0,1,1,72.06,72.06,17.1,5,38.9
CCCC#N,117,69.11,0.5,0,1,1,69.06,69.06,23.8,5,47.9
S=C=S,46.2,76.15,2.1,0,2,0,75.94,75.94,64.2,3,18.3
Clc1ccccc1,131.6,112.55,2.9,0,0,0,112.01,112.01,0,7,46.1
ClC(Cl)Cl,61.1,119.37,2.3,0,0,0,117.91,117.91,0,4,8
C1CCC2CCCCC2C1,155.5,138.25,4.6,0,0,0,138.14,138.14,0,10,80.6
C1CCCCC1,81,84.16,3.4,0,0,0,84.09,84.09,0,6,15.5
OC1CCCCC1,161.8,100.16,1.2,1,1,0,100.09,100.09,20.2,7,46.1
O=C1CCCCC1,156,98.14,0.8,0,1,0,98.07,98.07,17.1,7,68.2
COC1CCCC1,106,100.16,1.3,0,1,1,100.09,100.09,9.2,7,46.1
CCCCCCCCCC,174.1,142.28,5,0,0,7,142.17,142.17,0,10,40
ClCCl,40,84.93,1.5,0,0,0,83.95,83.95,0,3,2.8
CCOCC,35,74.12,0.9,0,1,2,74.07,74.07,9.2,5,11.1
CCNCC,55.5,73.14,0.6,1,1,2,73.09,73.09,12,5,11.1
CCOC(=O)OCC,126,118.13,1.2,0,3,4,118.06,118.06,35.5,8,62.1
OCCOCCO,245.8,106.12,-1.3,2,3,4,106.06,106.06,49.7,7,26.1
CCOCCOCCOCC,188,162.23,0.4,0,3,8,162.13,162.13,27.7,11,58.4
COCCOCCOC,162,134.17,-0.4,0,3,6,134.09,134.09,27.7,9,41.6
ICI,6,267.83,2.3,0,0,0,267.82,267.82,0,3,2.8
CC(C)OC(C)C,68.5,102.17,1.5,0,1,2,102.1,102.1,9.2,7,33.4
CS(C)=O,189,78.14,-0.6,0,2,0,78.01,78.01,36.3,4,29
CCCCOCCCC,140.8,130.23,3.2,0,1,6,130.14,130.14,9.2,9,37.8
CCCOCCC,90,102.17,2,0,1,4,102.1,102.1,9.2,7,23.4
c1ccc(Oc2ccccc2)cc1,258,170.21,4.2,0,1,2,170.07,170.07,9.2,13,116
CCO,78.2,46.07,-0.1,1,1,0,46.04,46.04,20.2,3,2.8
CCOC(C)=O,77.1,88.11,0.7,0,2,2,88.05,88.05,26.3,6,49.5
CCOc1ccccc1,172,122.16,2.5,0,1,2,122.07,122.07,9.2,9,65
Fc1ccccc1,84.5,96.1,2.3,0,1,0,96.04,96.04,0,7,46.1
NC=O,206,45.04,-0.8,1,1,0,45.02,45.02,43.1,3,12.3
O=CO,101,46.02,-0.2,1,2,0,46.01,46.01,37.3,3,10.3
OCC(O)CO,290,92.09,-1.8,3,3,2,92.05,92.05,60.7,6,25.2
CN(C)P(=O)(N(C)C)N(C)C,232,179.2,0.3,0,4,3,179.12,179.12,26.8,11,139
Ic1ccccc1,188.4,204.01,3.2,0,0,0,203.94,203.94,0,7,46.1
CC(=O)OCC(C)C,116.5,116.16,1.8,0,2,3,116.08,116.08,26.3,8,76.6
CC(=O)OC(C)C,89,102.13,0.9,0,2,2,102.07,102.07,26.3,7,66.5
CO,65,32.04,-0.5,1,1,0,32.03,32.03,20.2,2,2
COC(C)=O,56.7,74.08,0.2,0,2,1,74.04,74.04,26.3,5,40.2
C1COCCN1,128,87.12,-0.9,1,2,0,87.07,87.07,21.3,6,34.5
CC(=O)N(C)C,164,87.12,-0.8,0,1,0,87.07,87.07,20.3,6,58.6
CN(C)C=O,152.8,73.09,-1,0,1,0,73.05,73.05,20.3,5,33.9
CCCCOC(C)=O,126,116.16,1.8,0,2,4,116.08,116.08,26.3,8,68.9
CCCCCCC,98.4,100.2,4.4,0,0,4,100.13,100.13,0,7,19.2
CCCCCC,68.7,86.18,3.9,0,0,3,86.11,86.11,0,6,12
O=[N+]([O-])c1ccccc1,210.8,123.11,1.9,0,2,0,123.03,123.03,45.8,9,102
C[N+](=O)[O-],101.1,61.04,0.1,0,2,0,61.02,61.02,45.8,4,27.5
CNC(C)=O,205,73.09,-1.1,1,1,0,73.05,73.05,29.1,5,42.2
CNC=O,182.5,59.07,-1,1,1,0,59.04,59.04,29.1,4,20
CCCCCCCCC,150.5,128.25,4.5,0,0,6,128.16,128.16,0,9,33.3
CCCCCCCC,125.6,114.23,3.9,0,0,5,114.14,114.14,0,8,25
CCCCC,36.1,72.15,3.4,0,0,2,72.09,72.09,0,5,7.5
CCCCCO,137.5,88.15,1.6,1,1,3,88.09,88.09,20.2,6,19.9
CCCC(C)O,118.5,88.15,1.2,1,1,2,88.09,88.09,20.2,6,27.1
CCCC(C)=O,102.3,86.13,0.9,0,1,2,86.07,86.07,17.1,6,47.9
CCC(O)CC,116,88.15,1.2,1,1,2,88.09,88.09,20.2,6,23.1
CCC(=O)CC,101.7,86.13,0.9,0,1,2,86.07,86.07,17.1,6,41.9
C1CCNCC1,106,85.15,0.8,1,1,0,85.09,85.09,12,6,30.9
CCCO,97.2,60.1,0.3,1,1,1,60.06,60.06,20.2,4,7.2
CC(C)O,83,60.1,0.3,1,1,0,60.06,60.06,20.2,4,10.8
CCC(=O)O,141.1,74.08,0.3,1,2,1,74.04,74.04,37.3,5,40.2
CCC#N,97,55.08,0.2,0,1,0,55.04,55.04,23.8,4,38.5
c1ccncc1,115.2,79.1,0.7,0,1,0,79.04,79.04,12.9,6,30.9
c1ccc2ncccc2c1,238,129.16,2,0,1,0,129.06,129.06,12.9,10,111
O=S1(=O)CCCC1,285,120.17,-0.8,0,2,0,120.02,120.02,42.5,7,128
COC(C)(C)C,55.1,88.15,0.9,0,1,1,88.09,88.09,9.2,6,33.7
ClC(Cl)=C(Cl)Cl,121.2,165.8,3.4,0,0,0,165.87,163.88,0,6,55.6
ClC(Cl)(Cl)Cl,76.7,153.8,2.8,0,0,0,153.87,151.88,0,5,19.1
OCCOCCOCCOCCO,327.3,194.23,-1.6,2,5,10,194.12,194.12,68.2,13,78.6
C1CCOC1,65,72.11,0.5,0,1,0,72.06,72.06,9.2,5,22.8
c1ccc2c(c1)CCCC2,207.6,132.2,3.5,0,0,0,132.09,132.09,0,10,92.6
Cc1ccccc1,110.6,92.14,2.7,0,0,0,92.06,92.06,0,7,42
CCCCN(CCCC)CCCC,207,185.35,4,0,1,9,185.21,185.21,3.2,13,72.1
ClC=C(Cl)Cl,87.2,131.38,2.6,0,0,0,129.91,129.91,0,5,42.9
CCN(CC)CC,88.8,101.19,1.4,0,1,3,101.12,101.12,3.2,7,25.7
OCCOCCOCCO,285,150.17,-1.6,2,4,7,150.09,150.09,58.9,10,49.7
COCCOCCOCCOC,216,178.23,-0.5,0,4,9,178.12,178.12,36.9,12,67.5
O,100,18.02,-0.5,1,1,0,18.01,18.01,1,1,0
CN(C)c1ccccc1,193,121.18,2.3,0,1,1,121.09,121.09,3.2,9,72.6
CC1CCCCC1,101,98.19,3.6,0,0,0,98.11,98.11,0,7,42
CN1CCCN(C)C1=O,257.9,128.17,-0.1,0,1,0,128.09,128.09,23.6,9,112
CN1CCN(C)C1=O,225,114.15,-0.5,0,1,0,114.08,114.08,23.6,8,101
CCN1CCCC1=O,224,113.16,-0.1,0,1,1,113.08,113.08,20.3,8,101
CCC(C)(C)OC,86.3,102.17,1.6,0,1,2,102.1,102.1,9.2,7,48.1
C1COCO1,78,74.08,-0.4,0,2,0,74.04,74.04,18.5,5,24.1
CCOC(=O)C(C)O,154,118.13,0.2,1,3,3,118.06,118.06,46.5,8,79.7
COCC(C)OC,96,104.15,-0.1,0,2,3,104.08,104.08,18.5,7,37.1
CC1COC(=O)O1,241.6,102.09,-0.4,0,3,0,102.03,102.03,35.5,7,88.9
COC(=O)OC,90.5,90.08,0.5,0,3,2,90.03,90.03,35.5,6,44
CO[C@H]1CO[C@H]2[C@@H]1OC[C@H]2OC,394.8,174.19,-0.6,0,4,2,174.09,174.09,36.9,12,143
COC(OC)(OC)OC,114,136.15,-0.2,0,4,4,136.07,136.07,36.9,9,51.8
OCC(F)(F)F,74.5,100.04,0.4,1,4,0,100.01,100.01,20.2,6,38.5
CC1=CC(=O)CC(C)(C)C1,215.3,138.21,1.6,0,1,0,138.1,138.1,17.1,10,187
CC1CCCCC1=O,165.1,112.17,1.5,0,1,0,112.09,112.09,17.1,8,96.6
CCOCCOC(C)=O,156.4,132.16,0.3,0,3,5,132.08,132.08,35.5,9,80.4
CCOC(=O)CC(C)=O,180.8,130.14,0.2,0,3,4,130.06,130.06,43.4,9,117
Cc1ccccn1,129.4,93.13,1.1,0,1,0,93.06,93.06,12.9,7,52.1
Cc1cccc(C)n1,144,107.15,1.7,0,1,0,107.07,107.07,12.9,8,62.8
OCCN(CCO)CCO,350,149.19,-1,3,4,6,149.11,149.11,63.9,10,55.7
C1CSCS1,184,106.21,1.4,0,2,0,105.99,105.99,50.6,5,24.1
COS(=O)OC,126,110.13,0.2,0,4,2,110,110,54.7,6,46.8
O=S1OCCO1,159,108.12,0,0,4,0,107.99,107.99,54.7,6,63.2
Fc1c(F)c(F)c(F)c(F)c1F,80.5,186.05,2.5,0,6,0,185.99,185.99,0,12,104
Fc1c(F)c(F)c(C(F)(F)F)c(F)c1F,104,236.06,3.3,0,8,0,235.99,235.99,0,15,210
FC1(F)C(F)(F)C(F)(F)C2(F)C(F)(F)C(F)(F)C(F)(F)C(F)(F)C2(F)C1(F)F,142,462.08,5.6,0,18,0,461.97,461.97,0,28,587
Cc1ccc(C(C)C)cc1,177.1,134.22,4.1,0,0,1,134.11,134.11,0,10,86.2
Clc1cccc(Cl)c1,173,147,3.5,0,0,0,145.97,145.97,0,8,64.9
O=S1CCCC1,236,104.17,-0.3,0,2,0,104.03,104.03,36.3,6,61.9
O=C(O)C(F)(F)F,72.4,114.02,0.9,1,5,0,113.99,113.99,37.3,7,83.4
O=C(OC(=O)C(F)(F)F)C(F)(F)F,39.5,210.03,2.1,0,9,2,209.98,209.98,43.4,13,201
OC(C(F)(F)F)C(F)(F)F,58,168.04,1.7,1,7,0,168,168,20.2,10,97.1
CN1CCCCCC1=O,288.8,127.18,0.2,0,1,0,127.1,127.1,20.3,9,111
CCN(CC)S(=O)(=O)N(CC)CC,250,208.32,0.9,0,4,6,208.12,208.12,49,13,195
CN(C)P(C)(=O)N(C)C,276.7,150.16,-0.7,0,3,2,150.09,150.09,23.6,9,121
COC(C)(C)OC,80,104.15,0.6,0,2,2,104.08,104.08,18.5,7,44
CC1(C)OCC(CO)O1,188.5,132.16,-0.2,1,3,1,132.08,132.08,38.7,9,100
C=C(C)C1CC=C(C)CC1,175,136.23,3.4,0,0,1,136.13,136.13,0,10,163
CC1CCC(=O)O1,207.5,100.12,0.6,0,2,0,100.05,100.05,26.3,7,88.1
C1CCC2=NCCCN2CC1,316,152.24,1.4,0,1,0,152.13,152.13,15.6,11,163
CCN(C(C)C)C(C)C,127,129.24,2.2,0,1,3,129.15,129.15,3.2,9,59
Cl/C=C/Cl,47.6,96.94,1.9,0,0,0,95.95,95.95,0,4,19.2
Cl/C=C\Cl,60,96.94,1.9,0,0,0,95.95,95.95,0,4,19.2
CCOCCO,135.7,90.12,-0.3,1,2,3,90.07,90.07,29.5,6,21.5
CCCCC(C)=O,127.2,100.16,1.4,0,1,3,100.09,100.09,17.1,7,57.2
COC=O,31.5,60.05,0,0,2,1,60.02,60.02,26.3,4,18
CCOC=O,53,74.08,0.5,0,2,2,74.04,74.04,26.3,5,26.1
CCCOC=O,80.5,88.11,0.8,0,2,3,88.05,88.05,26.3,6,34.5
CCCCOC=O,106,102.13,1.4,0,2,4,102.07,102.07,26.3,7,43.3
COC(=O)CCCCC(=O)OC,252,174.19,1,0,4,7,174.09,174.09,52.6,12,135
CC(=O)OCCC(C)C,142,130.18,2,0,2,4,130.1,130.1,26.3,9,86.9
CCCCCCOC(C)=O,171.5,144.21,2.4,0,2,6,144.12,144.12,26.3,10,89.3
CC(=O)OCCOC(C)=O,190.5,146.14,0,0,4,5,146.06,146.06,52.6,10,114
O=C1CCCO1,204,86.09,-0.6,0,2,0,86.04,86.04,26.3,6,67.9
COC(OC)OC,101.5,106.12,0.2,0,3,3,106.06,106.06,27.7,7,28.4
CCOC(OCC)OCC,146,148.2,1.2,0,3,6,148.11,148.11,27.7,10,51.6
CC1(C)OCCO1,92.5,102.13,0.5,0,2,0,102.07,102.07,18.5,7,60.5
CC(=O)CC(C)=O,138,100.12,0.4,0,2,2,100.05,100.05,34.1,7,82.3
CCC1CCCCC1,131,112.21,4,0,0,1,112.13,112.13,0,8,51.1
CCCCCC#N,162.5,97.16,1.7,0,1,3,97.09,97.09,23.8,7,67.5
CCCCCOC(C)=O,149.2,130.18,1.9,0,2,5,130.1,130.1,26.3,9,79
CCC(=O)OC,79.8,88.11,0.8,0,2,2,88.05,88.05,26.3,6,49.5
CCCC(=O)OC,101.5,102.13,1.3,0,2,3,102.07,102.07,26.3,7,59.1
CCCCC(=O)CCCC,188.4,142.24,2.7,0,1,6,142.14,142.14,17.1,10,76.7
c1ccc2c(c1)CCC2,176,118.18,3.2,0,0,0,118.08,118.08,0,9,84.2
c1cncnc1,123.5,80.09,-0.4,0,2,0,80.04,80.04,25.8,6,32.5
c1ccnnc1,208,80.09,-0.7,0,2,0,80.04,80.04,25.8,6,30.5
C1CCCC1,49.2,70.13,3,0,0,0,70.08,70.08,0,5,11.6
CCCCCCCCCO,213.3,144.25,4.3,1,1,7,144.15,144.15,20.2,10,52.7
CCCNCCC,109.3,101.19,1.7,1,1,4,101.12,101.12,12,7,23.4
C1CCNC1,86.6,71.12,0.5,1,1,0,71.07,71.07,12,5,22.8
CC(=O)CC(C)(C)O,170,116.16,-0.2,1,2,2,116.08,116.08,37.3,8,94.7
O=C1CCCC1,131,84.12,0.4,0,1,0,84.06,84.06,17.1,6,58.3
O=C(OCc1ccccc1)c1ccccc1,321.3,212.24,4,0,2,4,212.08,212.08,26.3,16,213
CCCCNCCCC,159.5,129.24,2.8,1,1,6,129.15,129.15,12,9,37.8
CCCCCCCO,175,116.2,2.7,1,1,5,116.12,116.12,20.2,8,35.4
N#CCCCCC#N,295,108.14,-0.3,0,2,3,108.07,108.07,47.6,8,113
CCCCCCO,157,102.17,2,1,1,4,102.1,102.1,20.2,7,27.4
CCCCCN,104,87.16,1.5,1,1,3,87.1,87.1,26,6,19.9
c1ccsc1,84,84.14,1.8,0,1,0,84,84,28.2,5,22.8
C1CCSC1,120,88.17,1.4,0,1,0,88.03,88.03,25.3,5,22.8
c1ccoc1,31.5,68.07,1.3,0,1,0,68.03,68.03,13.1,5,22.8
c1cc[nH]c1,129.7,67.09,0.7,1,0,0,67.04,67.04,15.8,5,22.8
CCCCN,78,73.14,1,1,1,2,73.09,73.09,26,5,13.1
CCCOC(C)=O,101.3,102.13,1.2,0,2,3,102.07,102.07,26.3,7,59.1
NC1CCCCC1,134.5,99.17,1.5,1,1,0,99.1,99.1,26,7,46.1
CC(C)NC(C)C,84,101.19,1.4,1,1,2,101.12,101.12,12,7,33.4
CCC[N+](=O)[O-],131.2,89.09,0.9,0,2,1,89.05,89.05,45.8,6,47.2
CCCC(=O)O,163.5,88.11,0.8,1,2,2,88.05,88.05,37.3,6,49.5
CCCN,48.5,59.11,0.5,1,1,1,59.07,59.07,26,4,7.2
CCOC(=O)CC,99.2,102.13,1.2,0,2,3,102.07,102.07,26.3,7,59.1
CCCC(=O)OCC,120.5,116.16,1.3,0,2,4,116.08,116.08,26.3,8,68.9
CCCCc1ccccc1,183.3,134.22,4.4,0,0,3,134.11,134.11,0,10,70.1
CNc1ccccc1,196.2,107.15,1.7,1,1,1,107.07,107.07,12,8,55.4
CCNc1ccccc1,204.5,121.18,2.2,1,1,2,121.09,121.09,12,9,65
NCc1ccccc1,185,107.15,1.1,1,1,1,107.07,107.07,26,8,55.4
CCc1ccccc1,136.2,106.16,3.1,0,0,1,106.08,106.08,0,8,51.1
CC(C)c1ccccc1,152.4,120.19,3.7,0,0,1,120.09,120.09,0,9,68.1
O=Cc1ccco1,161.7,96.08,0.4,0,2,1,96.02,96.02,30.2,7,70.5
CC1CCCC1,72,84.16,3.4,0,0,0,84.09,84.09,0,6,33.3
COC(=O)c1ccccc1,199,136.15,2.1,0,2,2,136.05,136.05,26.3,10,114
CC(C)[N+](=O)[O-],120.2,89.09,0.8,0,2,0,89.05,89.05,45.8,6,54.3
ClC(Cl)C(Cl)Cl,146,167.8,2.4,0,0,1,167.89,165.89,0,6,26.5
CC(C)C(=O)O,153.5,88.11,0.8,1,2,1,88.05,88.05,37.3,6,56.6
CC[N+](=O)[O-],114.1,75.07,0.2,0,2,0,75.03,75.03,45.8,5,37.4
ClCC(Cl)Cl,114,133.4,1.9,0,0,1,131.93,131.93,0,5,18.9
CC(C)CN,68.5,73.14,0.7,1,1,1,73.09,73.09,26,5,17.6
ClC(Cl)C(Cl)(Cl)Cl,162,202.3,3.2,0,0,0,201.85,199.85,0,7,51.6
CC(C)(C)N,46,73.14,0.3,1,1,0,73.09,73.09,26,5,25.1
CC(C)N,31.8,59.11,0.1,1,1,0,59.07,59.07,26,4,10.8
CC(O)CO,187.6,76.09,-0.9,2,2,1,76.05,76.05,40.5,5,20.9
C1CCOCC1,88,86.13,0.9,0,1,0,86.07,86.07,9.2,6,30.9
CC(=O)OCC(C)OC(C)=O,190,160.17,0.7,0,4,5,160.07,160.07,52.6,11,153
COCC(C)OCC(C)OC,160,162.23,0.2,0,3,6,162.13,162.13,27.7,11,85.4
O=C1CC[C@H]2CO[C@@H]1O2,250,128.13,-0.2,0,3,0,128.05,128.05,35.5,9,143
FC(F)(F)Oc1ccccc1,103,162.11,3.2,0,4,1,162.03,162.03,9.2,11,115
CN1CCOCC1,116,101.15,-0.3,0,2,0,101.08,101.08,12.5,7,50
CC1CCC(CO)CC1,202,128.21,2.2,1,1,1,128.12,128.12,20.2,9,72.6
C[Si](C)(C)O[Si](C)(C)C,99,162.38,4.2,0,1,2,162.09,162.09,9.2,9,76.2
C[Si](C)(C)O[Si](C)(C)O[Si](C)(C)C,152,236.53,4.7,0,2,4,236.11,236.11,18.5,13,149
C[Si](C)(C)O[Si](C)(C)O[Si](C)(C)O[Si](C)(C)C,194,310.68,6.5,0,3,6,310.13,310.13,27.7,17,227
C[Si]1(C)O[Si](C)(C)O[Si](C)(C)O[Si](C)(C)O1,175,296.61,3.6,0,4,0,296.08,296.08,36.9,16,197
C[Si]1(C)O[Si](C)(C)O[Si](C)(C)O[Si](C)(C)O[Si](C)(C)O1,210,370.77,4.1,0,5,0,370.09,370.09,46.2,20,258
CCCCOCCOCCO,230.4,162.23,0.6,1,3,8,162.13,162.13,38.7,11,66.4
CCCCCCOCCOCCO,259.1,190.28,1.7,1,3,10,190.16,190.16,38.7,13,86.2
COCCOCCO,193,120.15,-0.9,1,3,5,120.08,120.08,38.7,8,38.7
CCOCCOCCO,196,134.17,-0.5,1,3,6,134.09,134.09,38.7,9,47.6
CCCCOCCOCCOC(C)=O,245,204.26,1.1,0,4,10,204.14,204.14,44.8,14,136
CCCOCCO,150.5,104.15,0.5,1,2,4,104.08,104.08,29.5,7,29.3
CCCCOCCOC(C)=O,192,160.21,1.2,0,3,7,160.11,160.11,35.5,11,102
CCCCOCCO,168.4,118.17,0.8,1,2,5,118.1,118.1,29.5,8,37.5
CCCOCC(C)OCC(C)O,212,176.25,1,1,3,7,176.14,176.14,38.7,12,95.8
OCCOc1ccccc1,245.2,138.16,1.2,1,2,3,138.07,138.07,29.5,10,77.3
COCC(C)OC(C)=O,145.5,132.16,0.4,0,3,4,132.08,132.08,35.5,9,90.3
COCC(C)O,120,90.12,-0.2,1,2,2,90.07,90.07,29.5,6,28.7
CCCCOCC(C)O,171,132.2,1.1,1,2,5,132.12,132.12,29.5,9,54.9
CCCOCC(C)O,150.2,118.17,0.7,1,2,4,118.1,118.1,29.5,8,45.8
CC(O)COc1ccccc1,241.2,152.19,1.7,1,2,3,152.08,152.08,29.5,11,97.7
COCC(C)OCC(C)OCC(C)O,275,206.28,0.4,1,4,8,206.15,206.15,47.9,14,129
CCCCOCC(C)OCC(C)OCC(C)O,285,248.36,1.6,1,4,11,248.2,248.2,47.9,17,163
COCC(C)OCC(C)O,90.5,148.2,-0.1,1,3,5,148.11,148.11,38.7,10,75.3
COCC(C)OCC(C)OC(C)=O,200,190.24,0.7,0,4,7,190.12,190.12,44.8,13,147
CCCCOCC(C)OCC(C)O,200,190.28,1.4,1,3,8,190.16,190.16,38.7,13,106
CCCCC(CC)CO,184.3,130.23,3.1,1,1,5,130.14,130.14,20.2,9,52.5
CCC(C)CO,128,88.15,1.2,1,1,2,88.09,88.09,20.2,6,27.1
CC(C)CC(C)O,132,102.17,1.7,1,1,2,102.1,102.1,20.2,7,41.4
CCCOC(=O)CC,123,116.16,1.7,0,2,4,116.08,116.08,26.3,8,68.9
CCOCCC(=O)OCC,168.5,146.18,0.6,0,3,6,146.09,146.09,35.5,10,90.9
CC(C)C(=O)OCC(C)(C)C(O)C(C)C,257.5,216.32,3.1,1,3,6,216.17,216.17,46.5,15,207
CCCCCOC(=O)CC,168.8,144.21,2.4,0,2,6,144.12,144.12,26.3,10,89.3
CCCCOCCOCCOCCO,278,206.28,0.4,1,4,11,206.15,206.15,47.9,14,98.1
CC(=O)OCC(COC(C)=O)OC(C)=O,258.5,218.2,0.2,0,6,8,218.08,218.08,78.9,15,229
C[Si](C)(C)C,26.6,88.22,2.8,0,0,0,88.07,88.07,0,5,19.1
CC=C(C)C,38,70.13,2.3,0,0,0,70.08,70.08,0,5,38
CCCCCCCCCCCC,216.3,170.33,6.1,0,0,9,170.2,170.2,0,12,56.4
Cc1cccc(C)c1,139.1,106.16,3.2,0,0,0,106.08,106.08,0,8,58.4
C=Cc1ccccc1,145.3,104.15,2.9,0,0,1,104.06,104.06,0,8,68.1
CCCCCCCCO,194.7,130.23,3,1,1,6,130.14,130.14,20.2,9,43.8
CCCCCCCCCCO,229,158.28,4.6,1,1,8,158.17,158.17,20.2,11,61.9
OCCc1ccccc1,219,122.16,1.4,1,1,2,122.07,122.07,20.2,9,65
OCCCc1ccccc1,241,136.19,1.9,1,1,3,136.09,136.09,20.2,10,74.8
C=CCO,96.9,58.08,0.2,1,1,1,58.04,58.04,20.2,4,17.2
OCCCl,129,80.51,-0.1,1,1,1,80,80,20.2,4,10
Oc1ccccc1,182,94.11,1.5,1,1,0,94.04,94.04,20.2,7,46.1
Cc1cccc(O)c1,202.2,108.14,2,1,1,0,108.06,108.06,20.2,8,70.8
Cc1ccc(O)cc1,201.9,108.14,1.9,1,1,0,108.06,108.06,20.2,8,62.8
Oc1cccc(Cl)c1,214,128.55,2.5,1,1,0,128,128,20.2,8,74.9
c1ccc(COCc2ccccc2)cc1,298,198.26,3.3,0,1,4,198.1,198.1,9.2,15,137
CC12CCC(CC1)C(C)(C)O2,176,154.25,2.5,0,1,0,154.14,154.14,9.2,11,164
CCCCCC(C)=O,151,114.19,2,0,1,4,114.1,114.1,17.1,8,66.8
CCCCC(=O)O,186.5,102.13,1.4,1,2,3,102.07,102.07,37.3,7,59.1
CCCCCC(=O)O,205.8,116.16,1.9,1,2,4,116.08,116.08,37.3,8,68.9
CCCCCCC(=O)O,222.2,130.18,2.5,1,2,5,130.1,130.1,37.3,9,79
O=C1OCCO1,248,88.06,0.3,0,3,0,88.02,88.02,35.5,6,60.4
CCOC(=O)c1ccccc1,212,150.17,2.6,0,2,3,150.07,150.07,26.3,11,126
COC(=O)c1ccccc1C(=O)OC,284,194.18,1.6,0,4,4,194.06,194.06,52.6,14,200
Fc1ccc(F)cc1,88.5,114.09,2.2,0,2,0,114.03,114.03,0,8,54.9
CCCCCl,78,92.57,2.6,0,0,2,92.04,92.04,0,5,13.1
CCCCBr,102,137.02,2.8,0,0,2,135.99,135.99,0,5,13.1
BrCBr,97,173.83,1.8,0,0,0,173.85,171.85,0,3,2.8
BrCCBr,131.3,187.86,2,0,0,1,187.87,185.87,0,4,6
BrC(Br)Br,149.2,252.73,2.8,0,0,0,251.76,249.76,0,4,8
CCCCI,130.5,184.02,3.1,0,0,2,183.97,183.97,0,5,13.1
CC(N)N,118,60.1,-1.1,2,2,0,60.07,60.07,52,4,11.5
c1ccc(CNCc2ccccc2)cc1,300,197.27,2.7,1,1,4,197.12,197.12,12,15,137
CCCCCCN(C)C,148,129.24,2.6,0,1,5,129.15,129.15,3.2,9,50.5
Nc1ccccc1Cl,208.8,127.57,1.9,1,1,0,127.02,127.02,26,8,74.9
Cc1ccncc1,144.5,93.13,1.2,0,1,0,93.06,93.06,12.9,7,46.1
Fc1ccccn1,126.3,97.09,0.8,0,2,0,97.03,97.03,12.9,7,56
Fc1nc(F)c(F)c(F)c1F,84,169.05,2,0,6,0,169,169,12.9,11,129
Brc1ccccn1,193,158,1.4,0,1,0,156.95,156.95,12.9,7,56
Brc1cccnc1,173,158,1.6,0,1,0,156.95,156.95,12.9,7,56
Cc1ccncc1C,163.5,107.15,1.6,0,1,0,107.07,107.07,12.9,8,70.8
N#Cc1ccccn1,224.5,104.11,0.4,0,2,0,104.04,104.04,36.7,8,111
N#CCc1ccccc1,233.5,117.15,1.6,0,1,1,117.06,117.06,23.8,9,114
CCN(C=O)CC,177,101.15,0.5,0,1,2,101.08,101.08,20.3,7,50
O=C1CCCN1,245,85.1,-0.8,1,1,0,85.05,85.05,29.1,6,69.9
C=CN1CCCCCC1=O,262.7,139.19,1.1,0,1,1,139.1,139.1,20.3,10,142
CN(C)C(=N)N(C)C,162.5,115.18,0.4,1,1,2,115.11,115.11,30.3,8,75.7
CN(C)C#N,162,70.09,-0.2,0,2,0,70.05,70.05,27,5,56.5
CSC,37,62.14,0.9,0,1,0,62.02,62.02,25.3,3,2.8
CCSCC,92.1,90.19,1.9,0,1,2,90.05,90.05,25.3,5,11.1
CC(C)SSC(C)C,175.5,150.3,2.5,0,2,3,150.05,150.05,50.6,8,42.5
CCCCSCCCC,185.5,146.3,3.4,0,1,6,146.11,146.11,25.3,9,37.8
COS(=O)(=O)OC,188,126.13,-0.3,0,4,2,126,126,61,7,107
COP(=O)(OC)OC,197.2,140.07,-0.5,0,4,3,140.02,140.02,44.8,8,82.4
CCOP(=O)(OCC)OCC,215.5,182.15,0.8,0,4,6,182.07,182.07,44.8,11,113
CCCCOP(=O)(OCCCC)OCCCC,289,266.31,2.9,0,4,12,266.16,266.16,44.8,17,175
CCN(CC)c1ccc2cc(C(=O)O)c(=O)oc2c1,464.7,261.27,3.1,1,5,4,261.1,261.1,66.8,19,400
CN(C)P(N(C)C)N(C)C,176.2,163.2,0.6,0,3,3,163.12,163.12,9.7,10,74
[3H]O,102,20.02,-0.5,1,1,0,20.02,20.02,1,1,0
Cc1ccccc1C,144.5,106.16,3.1,0,0,0,106.08,106.08,0,8,56.4
Clc1ccc(Cl)c(Cl)c1,213.5,181.4,4,0,0,0,179.93,179.93,0,9,94.3
CCOCCOCC,121.4,118.17,0.7,0,2,5,118.1,118.1,18.5,8,31.5
OCCCO,211,76.09,-1,2,2,2,76.05,76.05,40.5,5,12.4
CCCBr,71,122.99,2.1,0,0,1,121.97,121.97,0,4,7.2
COC(C)COC(C)COC(C)CO,291,206.28,0.4,1,4,8,206.15,206.15,47.9,14,129
CC(C)OCCO,142,104.15,0.1,1,2,3,104.08,104.08,29.5,7,35.1
CCCCCCC(C)O,179,130.23,2.9,1,1,5,130.14,130.14,20.2,9,52.5
COC(=O)CCC(=O)OC,196,146.14,0.4,0,4,5,146.06,146.06,52.6,10,114
C=CC(=O)O,142,72.06,0.3,1,2,1,72.02,72.02,37.3,5,55.9
ClCC1CO1,117.9,92.52,0.5,0,1,1,92,92,12.5,5,37.9
CC(C)CC(C)(C)C,99.2,114.23,3.8,0,0,2,114.14,114.14,0,8,54.9
CC(C)CCCCCO,187.5,130.23,2.8,1,1,5,130.14,130.14,20.2,9,50.5
COC(=O)c1ccc(C(C)(C)C)cc1,283,192.25,4,0,2,3,192.12,192.12,26.3,14,195
O=CN1CCOCC1,236.5,115.13,-0.6,0,2,0,115.06,115.06,29.5,8,78.5
CCCCCCCCCCCCO,259,186.33,5.1,1,1,10,186.2,186.2,20.2,13,81.2
CCCCCCCCCCCCCCCC,286.9,226.44,8.3,0,0,13,226.27,226.27,0,16,92.6
Cc1ccc(C(C)(C)C)cc1,193,148.24,4.5,0,0,1,148.13,148.13,0,11,110
CCC(C)OC(C)=O,112,116.16,1.7,0,2,3,116.08,116.08,26.3,8,78.6
CC(=O)OC(C)(C)C,95.1,116.16,1.8,0,2,2,116.08,116.08,26.3,8,89.2
